{
    "em": 0.6685192953020134,
    "f1": 0.704854236577182,
    "_em_span_passage_span_extraction": 0.6722939424031777,
    "_f1_span_passage_span_extraction": 0.7212959285004966,
    "_counter_span_passage_span_extraction": 2014,
    "_em_span_question_span_extraction": 0.6763485477178424,
    "_f1_span_question_span_extraction": 0.7492392807745506,
    "_counter_span_question_span_extraction": 723,
    "em_span_multiple_spans": 0.4876847290640394,
    "f1_span_multiple_spans": 0.6378817733990149,
    "_counter_span_multiple_spans": 203,
    "_em_span_arithmetic": 0.4897959183673469,
    "_f1_span_arithmetic": 0.5410204081632654,
    "_counter_span_arithmetic": 49,
    "_em_span_counting": 0.0,
    "_f1_span_counting": 0.0,
    "_counter_span_counting": 6,
    "_em_number_counting": 0.5844346549192364,
    "_f1_number_counting": 0.5844346549192364,
    "_counter_number_counting": 1362,
    "_em_number_arithmetic": 0.7522321428571429,
    "_f1_number_arithmetic": 0.7525580357142857,
    "_counter_number_arithmetic": 4480,
    "_em_number_passage_span_extraction": 0.18181818181818182,
    "_f1_number_passage_span_extraction": 0.37454545454545457,
    "_counter_number_passage_span_extraction": 44,
    "_em_number_multiple_spans": 0.11764705882352941,
    "_f1_number_multiple_spans": 0.4211764705882353,
    "_counter_number_multiple_spans": 17,
    "_em_number_question_span_extraction": 0.16666666666666666,
    "_f1_number_question_span_extraction": 0.3225,
    "_counter_number_question_span_extraction": 12,
    "_em_date_arithmetic": 0.3229166666666667,
    "_f1_date_arithmetic": 0.4289583333333334,
    "_counter_date_arithmetic": 96,
    "_em_date_question_span_extraction": 0.6086956521739131,
    "_f1_date_question_span_extraction": 0.6304347826086957,
    "_counter_date_question_span_extraction": 23,
    "_em_date_passage_span_extraction": 0.4642857142857143,
    "_f1_date_passage_span_extraction": 0.5178571428571429,
    "_counter_date_passage_span_extraction": 28,
    "_em_date_counting": 0.0,
    "_f1_date_counting": 0.0,
    "_counter_date_counting": 2,
    "_em_date_multiple_spans": 1.0,
    "_f1_date_multiple_spans": 1.0,
    "_counter_date_multiple_spans": 1,
    "em_spans_multiple_spans": 0.3926940639269406,
    "f1_spans_multiple_spans": 0.6807534246575344,
    "_counter_spans_multiple_spans": 438,
    "_em_spans_arithmetic": 0.0,
    "_f1_spans_arithmetic": 0.15571428571428572,
    "_counter_spans_arithmetic": 7,
    "_em_spans_passage_span_extraction": 0.0,
    "_f1_spans_passage_span_extraction": 0.18730769230769231,
    "_counter_spans_passage_span_extraction": 26,
    "_em_spans_question_span_extraction": 0.0,
    "_f1_spans_question_span_extraction": 0.2733333333333333,
    "_counter_spans_question_span_extraction": 3,
    "_em_spans_counting": 0.0,
    "_f1_spans_counting": 0.0,
    "_counter_spans_counting": 2,
    "em_span": 0.6564273789649415,
    "f1_span": 0.7179933222036728,
    "_counter_span": 2995,
    "_em_number": 0.7063398140321218,
    "_f1_number": 0.7092087912087911,
    "_counter_number": 5915,
    "_em_date": 0.3933333333333333,
    "_f1_date": 0.47453333333333336,
    "_counter_date": 150,
    "em_spans": 0.36134453781512604,
    "f1_spans": 0.6406512605042017,
    "_counter_spans": 476,
    "_em_passage_span_extraction": 0.6510416666666666,
    "_f1_passage_span_extraction": 0.7048011363636365,
    "_counter_passage_span_extraction": 2112,
    "_em_question_span_extraction": 0.6636005256241787,
    "_f1_question_span_extraction": 0.7370433639947439,
    "_counter_question_span_extraction": 761,
    "em_multiple_spans": 0.4157814871016692,
    "f1_multiple_spans": 0.6613353566009106,
    "_counter_multiple_spans": 659,
    "_em_arithmetic": 0.7394214162348878,
    "_f1_arithmetic": 0.7427115716753023,
    "_counter_arithmetic": 4632,
    "_em_counting": 0.5801749271137027,
    "_f1_counting": 0.5801749271137027,
    "_counter_counting": 1372,
    "loss": 493715.0455880745
}