{
    "em": 0.6599203020134228,
    "f1": 0.6985654362416112,
    "_em_span_passage_span_extraction": 0.6266218164344065,
    "_f1_span_passage_span_extraction": 0.6888707352234501,
    "_counter_span_passage_span_extraction": 2081,
    "_em_span_question_span_extraction": 0.741424802110818,
    "_f1_span_question_span_extraction": 0.797717678100264,
    "_counter_span_question_span_extraction": 758,
    "em_span_multiple_spans": 0.37755102040816324,
    "f1_span_multiple_spans": 0.5498979591836735,
    "_counter_span_multiple_spans": 98,
    "_em_span_arithmetic": 0.44,
    "_f1_span_arithmetic": 0.5236000000000001,
    "_counter_span_arithmetic": 50,
    "_em_span_counting": 0.07692307692307693,
    "_f1_span_counting": 0.12846153846153846,
    "_counter_span_counting": 13,
    "_em_number_counting": 0.5472467709041469,
    "_f1_number_counting": 0.5472467709041469,
    "_counter_number_counting": 1471,
    "_em_number_arithmetic": 0.765350376626341,
    "_f1_number_arithmetic": 0.7656174389408811,
    "_counter_number_arithmetic": 4381,
    "_em_number_passage_span_extraction": 0.10526315789473684,
    "_f1_number_passage_span_extraction": 0.28421052631578947,
    "_counter_number_passage_span_extraction": 38,
    "_em_number_question_span_extraction": 0.16666666666666666,
    "_f1_number_question_span_extraction": 0.27499999999999997,
    "_counter_number_question_span_extraction": 12,
    "_em_number_multiple_spans": 0.0,
    "_f1_number_multiple_spans": 0.47818181818181815,
    "_counter_number_multiple_spans": 11,
    "_em_date_arithmetic": 0.2558139534883721,
    "_f1_date_arithmetic": 0.37034883720930234,
    "_counter_date_arithmetic": 86,
    "_em_date_question_span_extraction": 0.6086956521739131,
    "_f1_date_question_span_extraction": 0.6086956521739131,
    "_counter_date_question_span_extraction": 23,
    "_em_date_passage_span_extraction": 0.4411764705882353,
    "_f1_date_passage_span_extraction": 0.5588235294117647,
    "_counter_date_passage_span_extraction": 34,
    "_em_date_counting": 0.0,
    "_f1_date_counting": 0.16666666666666666,
    "_counter_date_counting": 3,
    "em_spans_multiple_spans": 0.36626506024096384,
    "f1_spans_multiple_spans": 0.6854216867469878,
    "_counter_spans_multiple_spans": 415,
    "_em_spans_arithmetic": 0.0,
    "_f1_spans_arithmetic": 0.0,
    "_counter_spans_arithmetic": 6,
    "_em_spans_passage_span_extraction": 0.0,
    "_f1_spans_passage_span_extraction": 0.25361702127659574,
    "_counter_spans_passage_span_extraction": 47,
    "_em_spans_question_span_extraction": 0.0,
    "_f1_spans_question_span_extraction": 0.26399999999999996,
    "_counter_spans_question_span_extraction": 5,
    "_em_spans_counting": 0.0,
    "_f1_spans_counting": 0.0,
    "_counter_spans_counting": 4,
    "em_span": 0.642,
    "f1_span": 0.7066499999999999,
    "_counter_span": 3000,
    "_em_number": 0.7042110603754439,
    "_f1_number": 0.7066683578555726,
    "_counter_number": 5913,
    "_em_date": 0.3493150684931507,
    "_f1_date": 0.4476027397260274,
    "_counter_date": 146,
    "em_spans": 0.31865828092243187,
    "f1_spans": 0.6240880503144652,
    "_counter_spans": 477,
    "_em_passage_span_extraction": 0.6013636363636363,
    "_f1_passage_span_extraction": 0.6705727272727272,
    "_counter_passage_span_extraction": 2200,
    "_em_question_span_extraction": 0.7243107769423559,
    "_f1_question_span_extraction": 0.7810651629072682,
    "_counter_question_span_extraction": 798,
    "em_multiple_spans": 0.3606870229007634,
    "f1_multiple_spans": 0.6557251908396945,
    "_counter_multiple_spans": 524,
    "_em_arithmetic": 0.7510501879283661,
    "_f1_arithmetic": 0.7544107892991377,
    "_counter_arithmetic": 4523,
    "_em_counting": 0.5405767940979208,
    "_f1_counting": 0.5413615023474179,
    "_counter_counting": 1491,
    "loss": 493715.0393382349
}