{
    "em": 0.6482802013422819,
    "f1": 0.6858221476510072,
    "_em_span_passage_span_extraction": 0.6461053579468707,
    "_f1_span_passage_span_extraction": 0.7058036920306162,
    "_counter_span_passage_span_extraction": 2221,
    "_em_span_question_span_extraction": 0.659400544959128,
    "_f1_span_question_span_extraction": 0.730272479564033,
    "_counter_span_question_span_extraction": 734,
    "_em_span_arithmetic": 0.43333333333333335,
    "_f1_span_arithmetic": 0.5113333333333334,
    "_counter_span_arithmetic": 60,
    "_em_span_counting": 0.0,
    "_f1_span_counting": 0.0,
    "_counter_span_counting": 5,
    "_em_number_counting": 0.6094584286803967,
    "_f1_number_counting": 0.6094584286803967,
    "_counter_number_counting": 1311,
    "_em_number_arithmetic": 0.7432223936521931,
    "_f1_number_arithmetic": 0.7435882741899934,
    "_counter_number_arithmetic": 4537,
    "_em_number_passage_span_extraction": 0.12280701754385964,
    "_f1_number_passage_span_extraction": 0.3410526315789473,
    "_counter_number_passage_span_extraction": 57,
    "_em_number_question_span_extraction": 0.18181818181818182,
    "_f1_number_question_span_extraction": 0.33636363636363636,
    "_counter_number_question_span_extraction": 11,
    "_em_date_arithmetic": 0.25842696629213485,
    "_f1_date_arithmetic": 0.35595505617977535,
    "_counter_date_arithmetic": 89,
    "_em_date_question_span_extraction": 0.6944444444444444,
    "_f1_date_question_span_extraction": 0.6944444444444444,
    "_counter_date_question_span_extraction": 36,
    "_em_date_passage_span_extraction": 0.42857142857142855,
    "_f1_date_passage_span_extraction": 0.44761904761904764,
    "_counter_date_passage_span_extraction": 21,
    "_em_date_counting": 0.0,
    "_f1_date_counting": 0.25,
    "_counter_date_counting": 2,
    "_em_spans_passage_span_extraction": 0.0,
    "_f1_spans_passage_span_extraction": 0.3237813211845103,
    "_counter_spans_passage_span_extraction": 439,
    "_em_spans_arithmetic": 0.0,
    "_f1_spans_arithmetic": 0.02428571428571429,
    "_counter_spans_arithmetic": 7,
    "_em_spans_question_span_extraction": 0.0,
    "_f1_spans_question_span_extraction": 0.255,
    "_counter_spans_question_span_extraction": 4,
    "_em_spans_counting": 0.0,
    "_f1_spans_counting": 0.0,
    "_counter_spans_counting": 2,
    "em_span": 0.6440397350993378,
    "f1_span": 0.7067185430463572,
    "_counter_span": 3020,
    "_em_number": 0.7065584854631508,
    "_f1_number": 0.7092292089249491,
    "_counter_number": 5916,
    "_em_date": 0.38513513513513514,
    "_f1_date": 0.44986486486486493,
    "_counter_date": 148,
    "em_spans": 0.0,
    "f1_spans": 0.31710176991150446,
    "_counter_spans": 452,
    "_em_passage_span_extraction": 0.5299488677867056,
    "_f1_passage_span_extraction": 0.634978086194302,
    "_counter_passage_span_extraction": 2738,
    "_em_question_span_extraction": 0.6509554140127388,
    "_f1_question_span_extraction": 0.7206878980891723,
    "_counter_question_span_extraction": 785,
    "_em_arithmetic": 0.7289580225868314,
    "_f1_arithmetic": 0.7321947581504368,
    "_counter_arithmetic": 4693,
    "_em_counting": 0.6053030303030303,
    "_f1_counting": 0.6056818181818182,
    "_counter_counting": 1320,
    "loss": 493713.3549189164
}