{
    "em": 0.6436661073825504,
    "f1": 0.6808966023489941,
    "_em_span_passage_span_extraction": 0.6520864756158874,
    "_f1_span_passage_span_extraction": 0.7056661639014578,
    "_counter_span_passage_span_extraction": 1989,
    "em_span_multiple_spans": 0.4391891891891892,
    "f1_span_multiple_spans": 0.604527027027027,
    "_counter_span_multiple_spans": 148,
    "_em_span_question_span_extraction": 0.7178841309823678,
    "_f1_span_question_span_extraction": 0.7740931989924432,
    "_counter_span_question_span_extraction": 794,
    "_em_span_arithmetic": 0.39622641509433965,
    "_f1_span_arithmetic": 0.4624528301886793,
    "_counter_span_arithmetic": 53,
    "_em_span_counting": 0.0,
    "_f1_span_counting": 0.0,
    "_counter_span_counting": 7,
    "_em_number_counting": 0.6129788897576232,
    "_f1_number_counting": 0.6129788897576232,
    "_counter_number_counting": 1279,
    "_em_number_arithmetic": 0.6968236582694414,
    "_f1_number_arithmetic": 0.6968236582694414,
    "_counter_number_arithmetic": 4565,
    "_em_number_passage_span_extraction": 0.13043478260869565,
    "_f1_number_passage_span_extraction": 0.293695652173913,
    "_counter_number_passage_span_extraction": 46,
    "_em_number_question_span_extraction": 0.15384615384615385,
    "_f1_number_question_span_extraction": 0.3538461538461538,
    "_counter_number_question_span_extraction": 13,
    "_em_number_multiple_spans": 0.07142857142857142,
    "_f1_number_multiple_spans": 0.48714285714285716,
    "_counter_number_multiple_spans": 14,
    "_em_date_arithmetic": 0.30851063829787234,
    "_f1_date_arithmetic": 0.3990425531914894,
    "_counter_date_arithmetic": 94,
    "_em_date_question_span_extraction": 0.6363636363636364,
    "_f1_date_question_span_extraction": 0.6363636363636364,
    "_counter_date_question_span_extraction": 33,
    "_em_date_passage_span_extraction": 0.42105263157894735,
    "_f1_date_passage_span_extraction": 0.5773684210526315,
    "_counter_date_passage_span_extraction": 19,
    "_em_date_counting": 0.0,
    "_f1_date_counting": 0.0,
    "_counter_date_counting": 4,
    "em_spans_multiple_spans": 0.3583138173302108,
    "f1_spans_multiple_spans": 0.6830444964871192,
    "_counter_spans_multiple_spans": 427,
    "_em_spans_passage_span_extraction": 0.0,
    "_f1_spans_passage_span_extraction": 0.23399999999999993,
    "_counter_spans_passage_span_extraction": 40,
    "_em_spans_counting": 0.0,
    "_f1_spans_counting": 0.0,
    "_counter_spans_counting": 2,
    "_em_spans_arithmetic": 0.0,
    "_f1_spans_arithmetic": 0.028333333333333335,
    "_counter_spans_arithmetic": 6,
    "_em_spans_question_span_extraction": 0.0,
    "_f1_spans_question_span_extraction": 0.08333333333333333,
    "_counter_spans_question_span_extraction": 3,
    "em_span": 0.6529588766298897,
    "f1_span": 0.7128652624540286,
    "_counter_span": 2991,
    "_em_number": 0.671624133851614,
    "_f1_number": 0.6743163765421667,
    "_counter_number": 5917,
    "_em_date": 0.38666666666666666,
    "_f1_date": 0.4632,
    "_counter_date": 150,
    "em_spans": 0.3200836820083682,
    "f1_spans": 0.6306276150627614,
    "_counter_spans": 478,
    "_em_passage_span_extraction": 0.6260744985673352,
    "_f1_passage_span_extraction": 0.686442215854823,
    "_counter_passage_span_extraction": 2094,
    "em_multiple_spans": 0.37181663837011886,
    "f1_multiple_spans": 0.6586587436332766,
    "_counter_multiple_spans": 589,
    "_em_question_span_extraction": 0.7034400948991696,
    "_f1_question_span_extraction": 0.7597627520759193,
    "_counter_question_span_extraction": 843,
    "_em_arithmetic": 0.6848240779991522,
    "_f1_arithmetic": 0.6874077999152184,
    "_counter_arithmetic": 4718,
    "_em_counting": 0.6068111455108359,
    "_f1_counting": 0.6068111455108359,
    "_counter_counting": 1292,
    "loss": 692875.6866848691
}